<?xml version="1.0" encoding="UTF-8" standalone="yes"?>
<addon id="plugin.video.uakino.club" name="Uakino.club" version="0.0.5" provider-name="Nightmare84">
  <requires>
    <import addon="xbmc.python" version="3.0.0"/>
    <import addon="script.module.xbmc.helpers" version="2.0.1"/>
    <import addon="script.module.translit" version="1.0.3"/>
    <import addon="script.module.requests"/>
  </requires>
  <extension point="xbmc.python.pluginsource" provides="video" library="default.py">
    <provides>video</provides>
  </extension>
  <extension point="xbmc.addon.metadata">
    <summary>Uakino.club</summary>
    <description></description>
    <platform>all</platform>
    <assets>
      <icon>icon.png</icon>
      <fanart>fanart.jpg</fanart>
    </assets>
  </extension>
</addon>
