﻿<?xml version="1.0" encoding="UTF-8" standalone="yes"?>
<addon id="plugin.video.hdrezka.tv" name="Hdrezka.tv" version="3.2.3" provider-name="MrStealth, dandy, DesSolo, Nightmare84">
    <requires>
        <import addon="xbmc.python" version="3.0.0"/>
        <import addon="script.module.xbmc.helpers" version="3.0.0"/>
        <import addon="script.module.translit" version="3.0.0"/>
        <import addon="script.module.dandy.search.history" version="3.0.0"/>
        <import addon="script.module.requests"/>
    </requires>
    <extension point="xbmc.python.pluginsource" provides="video" library="default.py">>
        <provides>video</provides>
    </extension>
    <extension point="xbmc.addon.metadata">
        <summary>Hdrezka.tv</summary>
        <description>HDREZKA.TV - Фильмы, мультфильмы и сериалы в высоком качестве</description>
        <description>For personal use only</description>
        <platform>all</platform>
        <assets>
            <icon>icon.png</icon>
            <fanart>fanart.jpg</fanart>
        </assets>
    </extension>
</addon>

